Sample,STAT1.1,AIRE.2,TAP1,STAT1.2,IL7R,NCF1,PSMB10,TNFSF13B,IFNGR2,CYBA,TNFSF13B.1,STAT2,IL7R.1,WAS,STAT1
GSM1244876,3237.368,7401.896,4376.522,3075.104,7290.982,3227.708,5320.644,3450.507,6330.001,6267.576,2512.822,2630.172,4600.582,4621.062,803.7098
GSM1244877,2770.638,8200.061,4417.308,2365.048,3933.824,3207.559,4723.73,3342.481,6111.073,5517.806,2378.484,2694.061,2323.848,4970.282,697.2398
GSM1244878,3528.019,8152.38,5754.069,2849.526,5614.626,3527.341,4737.548,3493.285,7818.018,5737.055,2844.349,2578.1,3011.303,5819.325,970.96
GSM1244879,3816.605,9003.529,4622.114,3190.674,6589.111,3099.279,5502.714,2498.958,4578.165,6100.329,1639.688,2402.105,4142.212,3998.723,819.329
GSM1244880,5149.572,7865.014,5127.623,3334.009,4778.344,3120.636,5433.624,2971.462,5284.472,6123.517,2173.083,3480.011,2961.104,4459.125,1122.642
GSM1244881,4909.375,8282.73,4910.609,4088.693,4477.767,6086.714,5501.494,2788.809,5523.77,5677.98,2064.326,3056.712,2759.025,4791.772,1259.662
GSM1244882,3697.194,8951.679,4938.176,2650.315,4101.045,2058.919,6060.54,2492.234,6090.805,3748.155,2005.727,3107.478,2588.64,5114.398,750.0662
GSM1244883,2785.684,8591.622,4926.127,2326.704,7907.43,2449.228,5829.761,2773.568,5010.343,5795.967,2475.23,2764.222,4414.045,4447.356,758.6959
GSM1244884,3727.702,10485.31,3439.759,2876.098,4071.824,2769.97,6586.907,1783.5,5161.134,7142.052,1828.351,2548.746,2367.932,5606.776,1295.609
GSM1244885,3205.069,8827.667,3383.518,2201.911,5933.56,4198.144,4802.795,1863.964,7430.228,6466.608,2439.664,2397.804,2680.554,6529.549,986.035
GSM1244886,4261.884,8840.466,4097.646,2912.384,4090.999,4468.301,5525.877,3570.962,6933.389,7547.611,4103.575,3781.984,1987.316,7266.219,1233.62
GSM1244887,2661.625,7437.822,3390.807,2422.758,5984.082,3243.82,6407.662,2197.328,4419.771,6925.643,2568.145,2585.065,2857.923,5696.005,844.7545
GSM1244888,3503.136,13156.52,4613.552,2432.012,3546.107,4861.223,6084.192,2478.594,7137.333,7725.078,2478.791,2752.942,1875.524,7124.558,983.8279
GSM1244889,3111.746,9315.53,4206.705,2952.089,6702.6,3057.983,5423.586,1939.643,5148.537,6048.35,2279.149,2564.406,3137.113,6143.792,1162.035
GSM1244890,2672.951,11116.12,3945.069,2222.903,6224.216,2575.204,6340.898,1176.275,5424.904,6251.89,1587.025,2599.71,3143.98,6147.717,809.0898
GSM1244891,3848.21,9736.658,3743.846,2940.53,6672.21,3428.964,4093.602,1780.673,4846.974,6819.91,2185.589,2421.122,3649.398,5852.864,1307.793
GSM1244892,3816.081,9362.948,4643.652,3300.709,4491.463,4310.677,6052.782,2309.333,5747.843,7724.984,3366.426,3202.153,2334.109,6334.697,1491.274
GSM1244893,4343.811,7656.375,3645.036,2928.126,5228.891,2981.136,6232.352,2609.288,5636.016,8247.952,3560.82,3209.034,2451.627,6007.496,1580.972
GSM1244894,2386.654,7570.723,2999.371,2433.53,5472.418,2134.421,5833.44,1518.2,4046.338,7453.912,1976.776,2046.678,2509.298,4637.429,827.1726
GSM1244895,4328.946,11096.17,3279.884,2251.305,3763.699,2486.565,5627.303,1290.152,5740.058,6927.375,1822.043,2926.782,2236.612,6427.261,1142.889
GSM1244896,2534.61,9807.038,3233.018,1775.832,5449.302,3054.081,5846.258,1827.651,6467.377,6054.696,2142.988,2238.229,4091.593,6077.977,744.5989
GSM1244897,2434.787,10051.55,3136.861,1840.953,4252.872,4566.405,5528.314,1212.227,6363.097,7591.242,2210.533,1803.44,2575.282,6015.514,823.3503
GSM1244898,2689.122,9909.959,3310.103,2334.35,4494.507,2168.083,6932.092,1752.426,3665.783,5530.754,1906.497,3074.695,2687.453,4766.89,802.2203
GSM1244899,4262.678,10710.94,3887.032,2369.531,2815.865,5285.144,5570.349,2822.114,9509.725,7469.891,4068.959,2389.1,1554.827,7240.955,1132.962
GSM1244900,2954.498,10042.83,3413.573,2117.238,6442.038,4529.78,4100.459,2825.906,5103.96,4396.047,2059.548,1861.89,4676.524,4311.571,743.8036
GSM1244901,4670.886,9729.34,6331.0,3051.469,4793.814,3821.991,5219.104,4944.305,8696.962,5067.614,3681.098,3004.543,3409.158,5501.24,1068.059
GSM1244902,10476.77,10687.57,9403.924,6784.129,2985.003,181.786,7529.666,4470.009,7796.236,406.8608,3290.115,5946.631,1306.069,6462.916,2487.76
GSM1244903,3076.585,8767.688,3865.834,2402.668,6107.288,4351.749,2961.97,2231.808,5537.013,5922.638,1557.991,2553.044,3910.007,3897.519,665.6316
GSM1244904,4636.038,8904.422,4593.275,3192.705,3908.581,2981.429,5001.725,2099.674,4638.855,5283.85,1648.523,2958.644,2762.0,3806.056,1108.414
GSM1244905,4820.276,9670.854,5636.795,3523.665,5715.744,2864.707,5703.092,3802.603,5126.678,5374.558,2236.991,2891.583,4465.158,3930.538,1032.642
GSM1244906,3701.892,8253.813,4571.973,2788.704,4599.52,4966.568,4838.789,2968.909,7241.328,6110.08,2559.182,2430.188,3065.814,5026.964,812.2129
GSM1244907,7357.853,10346.94,6356.564,4876.873,4542.457,4761.76,6275.353,3688.615,5434.392,6261.038,2591.91,3821.999,3084.607,4750.272,2188.242
GSM1244908,4895.548,8030.362,4749.794,4209.014,5869.753,4897.339,4781.463,4040.122,5469.55,6358.404,3663.156,3663.172,4979.886,4453.104,1289.802
GSM1244909,4631.811,10470.9,4470.665,3141.296,2261.854,4549.807,4488.561,5390.184,7016.579,7135.212,4310.251,2435.202,1540.271,4977.894,1158.322
GSM1244910,5865.003,7965.236,4842.898,4368.794,7345.771,2950.796,5514.857,3677.742,4002.783,4761.711,3144.56,2646.922,4926.861,3613.925,1421.266
GSM1244911,4982.954,9990.666,5578.398,3214.565,5649.471,3477.19,4991.811,2476.847,4923.729,4711.176,2143.279,3036.591,4570.338,4465.044,1131.764
GSM1244912,4033.273,9210.281,4887.526,3609.218,5809.341,3070.726,4983.142,2528.8,4947.823,5015.514,2356.098,2516.634,4489.367,4313.48,1120.87
GSM1244913,2482.887,10350.13,3595.722,1898.609,4383.659,3747.48,4187.267,2422.255,5476.216,4946.38,2313.73,2202.562,3806.767,3832.818,605.5909
GSM1244914,4078.416,8923.295,4416.746,3170.776,3702.356,4244.168,4651.217,2991.977,5395.231,5343.182,2639.464,2640.278,2302.958,4169.821,962.9067
GSM1244915,2836.258,10750.2,3245.346,2260.824,4994.177,4585.184,6584.109,1956.559,6157.732,5225.313,2695.644,2454.373,2764.001,5881.839,1114.026
GSM1244916,6342.041,11371.08,6639.365,3573.059,2445.348,4418.379,8505.22,2751.952,4834.933,5613.262,3123.504,3847.144,1687.012,6207.578,2563.497
GSM1244917,5671.043,12252.91,5279.766,3737.876,4841.17,5148.044,6215.676,2966.083,6233.2,5642.919,3541.949,3384.679,2997.001,4654.189,1934.34
GSM1244918,5739.73,13067.9,5566.429,3308.756,3112.745,3152.502,4526.002,6161.11,6123.323,6087.03,8029.165,4030.082,2494.733,6657.309,2010.71
GSM1244919,3174.858,8232.898,3126.407,2327.979,3802.202,4392.125,5484.535,1877.128,4397.821,5115.374,2700.711,1901.672,2378.661,5833.966,1398.07
GSM1244920,3077.153,10622.21,3939.773,2180.19,5254.932,3706.702,5973.164,2501.004,4968.81,5984.661,3003.961,2065.199,3293.797,6027.135,998.0978
GSM1244921,7619.723,7968.649,7020.573,4732.35,2373.608,3781.543,7341.807,3317.776,5035.714,6372.891,4423.356,3459.415,1302.469,6554.426,3875.257
GSM1244922,5888.958,13386.75,4340.294,2947.113,5139.3,3313.567,6172.604,2514.986,4678.988,5324.7,3259.057,2351.102,2999.186,5739.475,1765.176
GSM1244923,3014.731,12294.55,3333.915,1817.843,3313.667,2781.116,5825.047,1821.384,4351.462,5883.625,2571.172,2136.607,2171.391,5831.124,979.3491
GSM1244924,3373.861,10595.58,4055.461,2044.272,4111.185,3900.069,6476.046,2239.927,5082.141,6344.2,2876.113,2290.239,2388.519,5926.39,1035.587
GSM1244925,5052.032,13313.4,5518.073,2589.5,1252.811,4320.398,7480.49,2981.568,5967.964,7014.177,3793.77,2995.844,983.6392,6322.161,1694.31
GSM1244926,4984.831,10821.35,4441.788,3131.408,5435.07,2148.819,5825.945,2463.437,4944.11,4533.747,3682.034,2720.462,3365.78,5296.237,1867.896
GSM1244927,3817.797,5797.864,3744.311,2357.152,3676.154,3864.032,5666.725,2540.307,5328.285,6817.145,3285.959,2062.253,2534.642,7273.07,1452.452
GSM1244928,8555.175,13330.88,7064.436,4179.66,2019.083,4484.984,8786.406,5037.984,8473.314,6394.879,5608.684,4251.361,1376.88,7696.045,3212.424
GSM1244929,4134.321,12472.32,4267.215,2381.816,4682.16,3327.714,4998.163,3331.101,6622.359,4687.976,4401.628,2345.854,2604.748,5938.055,1444.964
GSM1244930,9847.089,7015.562,9042.133,6669.407,4625.487,5926.89,7471.715,3918.832,7692.476,6606.331,2992.664,5187.725,2820.924,4958.112,2852.047
GSM1244931,6365.845,8808.739,7215.266,5421.859,5242.349,7117.513,6015.206,3658.153,6448.959,5688.917,2341.114,4003.747,4186.895,4658.813,1591.791
GSM1244932,6302.095,8143.275,5692.443,4803.609,6086.299,5098.117,5299.509,3543.043,6372.27,6061.082,3180.77,3150.043,3869.776,4484.32,1441.283
GSM1244933,6511.639,7113.852,7173.561,4984.559,3898.33,3416.6,7065.769,3883.281,4613.285,5552.466,2635.791,3779.963,3374.837,4824.894,1652.821
GSM1244934,13142.07,8448.707,11508.83,9372.652,5300.331,6809.205,8587.905,4897.734,6442.216,6361.071,3485.845,6206.358,3455.684,4922.378,3842.732
GSM1244935,4331.634,8406.691,4748.837,2437.605,1896.605,5981.945,4749.336,3524.599,6218.051,6051.017,2481.024,2459.533,1163.997,3970.845,912.1961
GSM1244936,8718.384,6162.618,7312.758,5573.777,3374.417,4392.864,6789.651,3731.74,5437.793,5972.335,3469.774,3820.329,2726.157,5676.233,2414.074
GSM1244937,8117.746,8377.331,7657.213,5645.802,3036.192,4969.922,5759.145,4869.808,7591.811,5955.967,3697.795,4758.141,1991.471,5489.382,2349.51
GSM1244938,8633.211,8452.382,7897.184,6110.383,2288.721,6414.292,7133.062,5273.103,6444.942,5911.899,3875.48,4600.463,1688.563,4617.367,2698.555
GSM1244939,11142.8,8320.158,11346.52,7442.735,3836.807,6052.148,7607.558,7319.703,6550.694,7127.18,4984.955,5852.882,2495.784,5108.113,3466.613
GSM1244940,6735.354,8371.456,6414.571,4171.779,2723.503,5690.087,5796.812,4418.905,6583.06,5550.7,3627.821,3961.425,1928.913,4350.352,1628.877
GSM1244941,5667.421,10403.59,6106.746,3335.695,3628.842,4324.277,4515.869,3961.104,7781.493,6028.276,2748.515,2612.012,2310.732,5039.588,1275.848
GSM1244942,11281.61,11683.29,8637.989,8547.634,5244.965,2456.589,7301.296,2594.648,4112.805,4374.823,2485.777,6188.82,2998.954,3219.092,3522.209
GSM1244943,4367.689,11965.12,3817.142,3193.216,5469.06,3332.463,4493.405,2591.076,5158.546,4532.814,1919.931,3216.877,3913.776,3643.492,1202.532
GSM1244944,10433.38,8996.49,7682.088,5995.558,1526.171,4603.046,7419.893,6131.21,6305.263,6115.819,4920.578,4111.957,1065.792,5449.626,3005.988
GSM1244945,11544.82,9752.654,9806.81,6778.512,3488.98,6990.679,7570.535,5145.805,6572.599,6119.717,3930.671,4933.014,2424.247,5474.705,3319.89
GSM1244946,11689.4,8898.086,9035.693,7461.868,4720.118,5128.233,7599.14,4031.358,6719.869,5538.331,3418.312,5631.084,3528.813,4327.077,3172.877
GSM1244947,4504.441,6747.245,4150.21,3699.169,5398.819,4645.326,5001.669,2925.543,5514.376,6026.968,2505.453,2555.302,3446.873,4754.545,1143.198
GSM1244948,5105.649,13405.77,3959.611,2994.101,3290.809,3802.57,5644.67,3354.359,7117.693,4785.103,4869.325,3255.633,2077.271,5957.5,1740.219
GSM1244949,7662.005,10974.48,5694.056,3989.014,3032.294,2723.714,7961.867,2277.067,5302.69,5648.046,3187.2,3999.644,2019.536,5159.619,2740.0
GSM1244950,5769.762,11777.55,5339.829,2918.113,5372.779,3106.776,6650.997,3170.974,5644.493,7276.071,3547.962,3321.551,2957.433,5284.422,1832.073
GSM1244951,4643.804,11524.42,4919.062,3235.219,2198.45,2766.512,6073.735,3508.075,5926.784,7110.85,4931.419,4035.266,1594.588,5485.191,1621.581
GSM1244952,7979.326,12244.36,6460.386,4607.492,5453.89,2896.252,8046.697,2590.811,4070.565,5134.703,3168.896,3813.906,4600.094,5230.802,2630.409
GSM1244953,4535.817,15539.59,4314.511,2302.79,3118.439,3577.139,6088.961,2265.803,5533.766,4953.202,2823.138,2242.592,2145.177,5897.444,1322.715
GSM1244954,7551.664,11109.82,5556.645,4416.534,1883.523,5293.365,8656.148,3026.74,6368.538,7667.865,3314.412,3793.419,983.9723,7119.602,3038.793
GSM1244955,10277.94,9079.779,7740.118,5894.056,4079.109,4813.329,7465.189,3538.098,5151.697,6066.884,4481.282,4297.188,2845.208,6638.645,4533.909
GSM1244956,8217.251,13236.68,8883.484,5389.921,2820.901,3307.031,6689.842,2878.739,4925.312,6549.224,3486.053,3768.464,1849.091,5915.518,3406.465
GSM1244957,6720.632,8399.882,6425.827,4785.896,6796.601,1808.951,8161.777,1840.09,3621.805,5095.242,3002.951,2844.948,4214.5,4786.262,2696.127
GSM1244958,7166.654,12888.06,7289.449,3762.604,1357.014,5429.963,8398.154,3623.073,6657.991,6084.378,4328.553,3698.716,680.0629,6422.029,2252.095
GSM1244958_syn1,7116.032075531751,12930.515170257018,7443.738942985639,3813.110680593708,1353.2601677639898,5370.775280959456,8298.016124047545,3608.962024180105,6636.0169830218665,6096.769618011336,4327.754502871298,3699.6554648001547,637.5391421236806,6396.605059056553,2257.1590826538563
GSM1244915_syn2,3130.9247721626707,10881.957361986215,3136.69172108967,2207.0355135731197,4955.703035225926,4583.357874306522,6560.546950983269,2009.211511590042,6201.10884594132,5225.436883339271,2664.060125613955,2523.103109310724,2879.2450394657167,5916.423530519242,1063.8352400214187
GSM1244908_syn3,4792.4769221923225,8119.469551095921,4798.629320481805,4253.620096609969,5978.5384908915275,4856.335047432383,4906.110445026223,4126.314360660122,5512.497000628315,6381.243668222615,3653.3626173110015,3662.30271595279,4877.793524808147,4393.853202502778,1295.2870788465975
GSM1244901_syn4,4552.211749835805,9809.60944033995,6302.481827739622,3061.836745660481,4721.3482677687825,3751.425111421818,5200.0553697480545,4951.358724152466,8687.478678534,5092.005191310629,3635.89861591653,2966.633006342128,3350.7081391145102,5476.926605108648,1088.8404738224424
GSM1244891_syn5,3747.3888022924066,9779.26473789057,3752.894988954957,2870.2511138761256,6820.24475975118,3331.822365347549,4187.667018425374,1838.0614806316735,4745.432158164966,6804.1415557837945,2211.333785127244,2381.8313533122837,3691.225587659087,5815.269708585202,1321.4533124999732
GSM1244954_syn6,7705.889971179276,11115.346796142805,5543.0230686239565,4424.143167169768,1986.365452383784,5355.020178701201,8763.433245617764,2938.164777340905,6290.317915169847,7630.35966938313,3246.5828042635812,3871.824906911538,997.3135902172017,7107.774240323569,3129.875473704077
GSM1244929_syn7,4119.162398753274,12481.51786943379,4061.426642335623,2389.951479819011,4716.323893716081,3242.3992113239337,5100.001675914043,3440.3020177586172,6609.703100950297,4753.719921766329,4400.10899666819,2308.414987244647,2641.9808381776893,5973.664009486541,1436.338942386991
GSM1244886_syn8,4136.9004791841,8692.902365568114,4038.836648112034,2895.655473921546,4191.069192954493,4425.8556242364075,5513.488980960488,3574.822882736329,6961.511015736416,7503.267489055506,4119.366135443698,3745.3652629049952,2021.1852939664136,7225.270532419645,1249.1105501629947
GSM1244954_syn9,7392.571144349666,11194.48361342201,5642.710982805043,4332.860176811882,1906.194215181615,5325.605765826649,8633.557807433997,3038.302324405443,6275.698925870659,7632.637668426177,3251.0544870957006,3775.215007463219,942.9497265236641,7106.142870963934,2972.9210635423083
GSM1244907_syn10,7188.746793295824,10242.449476884845,6293.534496223383,4969.89373739538,4567.795060217579,4767.497535945682,6307.94806640462,3670.3327109627694,5488.5738442909105,6252.215874179256,2600.099303431758,3881.4234258504935,3063.8772384966287,4727.1666711913595,2234.1707614591073
GSM1244889_syn11,2899.1530899250833,9251.645055477273,4077.197587866529,2867.0425936525603,6767.878964079024,3097.4654557389126,5346.214882117075,1997.6891991301675,5095.649456341658,6095.505872394711,2234.300324809364,2609.980128986958,3096.4151225854052,6193.860908140866,1195.3977093646408
GSM1244897_syn12,2347.245808760626,10050.487916760992,3047.371486809878,1775.547727693136,4305.81162311863,4659.632445796651,5550.555399892789,1233.7376682481752,6427.351930927459,7648.357858973219,2213.6824440148093,1767.392493214455,2572.824753966117,5934.426979611993,789.1512366192993
GSM1244889_syn13,3276.5625983623518,9269.482071437713,4272.69764521498,2911.0064973996373,6745.939014298594,3041.8791863875663,5474.685152265981,1885.2728071232461,5208.240384404544,6013.100269716163,2231.01891589141,2572.7985038594165,3061.7316002396997,6173.915540093555,1109.3804444884393
GSM1244887_syn14,2549.3797873841736,7330.480686369945,3260.5138646578293,2438.0058763276193,6035.85133608311,3273.318153466503,6448.95619317306,2292.0308621639138,4439.41912274555,6983.960188409479,2520.329410728534,2618.513159015263,2792.679325609024,5676.3606712285255,793.5712677270972
GSM1244910_syn15,5716.403278211101,7901.439137510969,4734.788310776864,4345.065281534068,7477.4431296687435,2984.8189275686805,5453.018755392352,3746.2446887523997,3992.501863223662,4815.508089214513,3158.2359781538717,2655.8370044857816,4884.969079171081,3603.005447014207,1400.8675641713853
GSM1244922_syn16,5861.8022501243195,13372.303010067038,4398.456947085939,3038.2362146605387,5057.403080356153,3390.1075311823342,6214.978287168165,2520.9116200550125,4580.873488319564,5324.501662960304,3136.557990772292,2161.3190247532516,3031.029344116593,5765.782644657095,1784.2353143953112
GSM1244885_syn17,3130.7668317449225,8649.896628061424,3285.629245815742,2289.9213069056173,5893.161701006571,4236.636289869705,4863.091819889275,1811.4287482144077,7367.251211339283,6430.219431203931,2532.584230915091,2411.4027284651597,2709.5141022273087,6484.179894049204,1065.141597763222
GSM1244946_syn18,11486.95220264165,8776.749497835995,9043.845533563746,7565.971506118567,4679.407238273483,5161.019491088924,7541.950731730885,3945.8831105346935,6688.837450887155,5621.398073520622,3414.924141257061,5591.344492329701,3488.738393246245,4333.59880912882,3242.887152062162
GSM1244933_syn19,6406.6415217017875,7133.011979471657,7130.995424742394,5061.329748399738,3854.6984456130112,3407.896849587064,7158.3529637525435,3869.045977837343,4678.901707824968,5521.800935907899,2555.518911268524,3808.9308608341416,3427.329189135976,4847.4449275280285,1648.3427233203033
GSM1244898_syn20,2825.2896566997565,10029.851078158972,3240.549058344354,2404.670944170566,4485.2411067188405,2207.7350382821223,7026.196809737793,1761.5439886593367,3712.376893781649,5625.562014275747,1868.6144043297977,3041.2051855804007,2772.589863064819,4715.666424757815,691.0333139999534
GSM1244884_syn21,3789.379654980216,10520.572149907888,3391.565813683281,2939.7631369803767,4031.2933109479786,2837.570620955942,6496.882204021009,1904.2017200537978,5164.316976902781,7140.4917720194735,1806.399689537277,2618.8503367039903,2389.4568590924637,5649.71644549525,1305.2515563860277
GSM1244881_syn22,4893.794218763935,8365.150549313195,4779.517001224474,3992.3333109955497,4522.426290045286,6156.957892180325,5463.998940352961,2727.5162850948022,5529.016182125354,5568.605643237742,1999.0298801065328,3006.0992646785917,2772.0170179145734,4807.9087123389045,1285.9881934651135
GSM1244894_syn23,2509.908866582149,7753.1544174375285,3179.7471388805375,2520.9349563568144,5388.647225347781,2227.91673476844,5829.445360293109,1600.9517702755882,4151.283941554565,7380.37434611289,2000.7776871002043,2047.2107866606416,2532.2679725444664,4643.516785152221,861.2524889904955
GSM1244929_syn24,4212.714757826273,12343.20203024723,4246.817773996385,2218.3898339005777,4723.571063134905,3367.310723645033,4987.608196686994,3355.5977884501694,6686.019546695303,4682.874940989805,4387.757022433692,2266.19155372111,2650.679893133568,5873.078977830739,1373.478957924899
GSM1244876_syn25,3229.048465845016,7279.582858566341,4401.14677556398,3074.40986608427,7222.756463190249,3232.076697278901,5494.739800973718,3426.787535345163,6225.378106432311,6316.503746174246,2490.5737293211505,2608.209406887807,4563.448022640971,4605.5038016874805,833.5501642356376
GSM1244936_syn26,8837.935292902685,6149.093477631084,7271.362020610296,5598.58894383168,3486.0628543965913,4472.420325358911,6777.146723328522,3707.888504861276,5453.902264428374,6049.983364892786,3366.606910609949,3831.658865354166,2758.606990993943,5718.379134071657,2394.0809290258712
GSM1244916_syn27,6262.149670085285,11398.564092696943,6655.7614278177925,3576.3929989096314,2358.238565377137,4392.773438784043,8622.83422361184,2713.6494014554437,4901.703521171105,5556.776076923455,3108.2192515344022,3793.3813822269426,1644.704925022879,6120.351393154729,2563.2766827141886
GSM1244933_syn28,6516.243872674455,7001.48723722207,7161.053878413003,4910.36698052265,3831.4037252101853,3527.253968642598,6986.01858709971,3843.498959049552,4622.1251180458585,5554.753837877747,2557.8184242019743,3763.2991077498823,3314.66160809538,4793.236568205482,1645.4204766603264
GSM1244935_syn29,4402.844366073427,8523.310007319862,4727.527144191979,2449.425091925899,1813.0725511043217,5982.863936427276,4749.452229104596,3608.485336424775,6188.656366552632,6045.361165605158,2472.279700414208,2433.5820995438507,1234.1633448875998,4014.871229802145,916.7494201111673
GSM1244910_syn30,6042.243470498232,7842.264493947497,4811.05597368441,4508.575406912696,7371.452439669494,2927.6347947924314,5492.007170657119,3619.380120625953,3966.6557210035,4833.1613998046905,3112.7253488784672,2603.5396756004357,5003.725233753208,3533.9230823328985,1455.906933553961
GSM1244899_syn31,4401.077175551828,10502.381231240304,3734.06653918298,2407.7215512958483,2732.9080281988,5307.62780994554,5669.305761003184,2793.4837472087124,9498.340233338837,7516.843324573,4039.083655982896,2405.4099917690605,1558.6386623003732,7218.833698906261,1097.7858493120793
GSM1244927_syn32,3545.164139067457,5854.207910695415,3827.8086519413937,2465.7327840669154,3769.0825443293506,3883.7852453576074,5677.570540038988,2518.6702386869633,5364.538495574867,6777.783643545588,3234.525305864336,2109.3448870124043,2574.495276131006,7219.349971812731,1501.3375805885055
GSM1244884_syn33,3415.5175993907133,10579.91295284527,3269.949967601115,2826.303049227113,4004.9648598170006,2816.3496676410855,6563.511856212577,1805.8293274286737,5158.650620260752,7093.212514071593,1803.5627434994176,2530.4986891747226,2388.71584984828,5677.195611069121,1306.7646302758849
GSM1244906_syn34,3536.1850456473708,8193.35552298688,4618.809033865517,2704.7699281280156,4687.392264065025,5054.5411890146315,4866.645477688645,3001.6112564296204,7185.675417030922,6133.345609238312,2560.5190472935587,2414.28390898652,3120.5726643604967,5045.419237368394,782.3136169534888
GSM1244931_syn35,6479.366717765811,8823.347868847419,7029.484027118872,5554.563107310244,5276.095222162772,7134.732239424898,6057.5461948726725,3588.7666161723623,6400.725456694522,5675.895157558206,2365.475919910719,4116.91672425239,4204.28573428253,4684.991248248582,1617.0593478965002
GSM1244883_syn36,2683.462527323641,8567.30888107647,4962.031112586956,2359.952420481631,7901.3417174308,2351.2675926464062,5916.242963241204,2683.617374904825,4990.870576016519,5788.335417432429,2517.537700897769,2751.246496845579,4521.245134450884,4439.329564704481,801.3768840595053
GSM1244888_syn37,3609.413148674202,13217.825299425029,4446.359036448918,2532.7880084869416,3619.176966610949,4781.086431490365,6137.866649472217,2387.013199764154,7081.579330989405,7751.90102277507,2466.8516743506707,2758.967308415736,1896.6584074418004,7174.918486835791,987.4757049033402
GSM1244919_syn38,3220.512157551772,8260.96188316267,3163.0649565450626,2405.4872803277603,3784.3101108758747,4475.558488679675,5413.873395983129,1897.0786430279065,4324.708099021914,5078.065305560329,2626.1676845386187,1874.4818108046666,2378.686090787232,5737.100881552655,1438.2218920292064
GSM1244897_syn39,2383.2916508920703,10042.907415234862,3355.8156320537532,1889.9209623575662,4186.008447838204,4555.068588753325,5584.857653577002,1166.0376891836843,6475.149860405504,7656.884296524087,2195.229249632569,1855.6405036630947,2656.6030226925795,6085.96201118481,809.7786533079552
GSM1244948_syn40,5168.446696585601,13373.91636845306,4080.078548268185,2823.1599399906286,3265.610183357341,3822.234554875737,5593.804596343336,3440.3319903908377,7066.255082150328,4774.842423179682,4857.166286076855,3310.180980343158,2125.944094372644,5939.613261742746,1705.4790887144504
GSM1244924_syn41,3453.049099452125,10651.742630347851,4020.5951529310037,1896.7101178937746,4162.971714755052,3855.758591569049,6424.294014340486,2204.582013674509,5089.681646340963,6296.5092485881605,2923.661659257041,2356.9501634339813,2372.4471350449503,5954.673820587549,1039.119656414939
GSM1244905_syn42,4768.888903192552,9666.482199098282,5598.2948689802915,3628.012600004282,5683.363825052393,2863.541014246387,5784.1807587484145,3823.558853154972,5016.432176846998,5382.020232717862,2242.445296243626,2901.823445855255,4502.138886205566,3939.2930414539837,1084.918582569133
GSM1244951_syn43,4430.808439731359,11632.280391839206,5061.551441879515,3147.6708065885505,2299.2130372694196,2736.8984840197477,6021.76941720751,3572.7084846506687,6017.154045122613,7190.58489863512,4896.048410953953,4021.266896352596,1496.2589847529612,5466.315892047283,1684.495339678665
GSM1244877_syn44,2835.62588744032,8272.488452846803,4326.3484370113,2307.5540937723063,4052.0732097487694,3209.9661457604857,4761.334489149329,3409.606844713058,6174.0662684693725,5504.467937402977,2418.721184227379,2651.850065780506,2325.7552352279426,4990.775616411667,765.2697432161833
GSM1244907_syn45,7197.124434098974,10263.964149508192,6348.100805145597,4841.727015557937,4448.995196153309,4775.180925489069,6332.6010181481515,3745.276998409516,5388.668116377934,6125.864809892602,2611.738506827637,3841.640668026032,3002.049866834164,4719.577842836973,2203.2689119042966
GSM1244942_syn46,11445.628225129389,11669.955909906434,8579.463435818589,8502.010453831977,5235.461470620757,2430.616427348668,7242.228960580292,2544.054831972677,4020.2327899510806,4286.519781233421,2479.2401472018873,6200.388447721344,2983.6847619600244,3151.6413432202935,3501.8953246364968
GSM1244942_syn47,11403.867397170956,11567.035747517883,8676.264957687146,8547.54397394996,5387.255685957267,2476.456204300866,7328.568433042545,2590.100807253109,4057.8139936658895,4388.525410850158,2476.9594886362675,6234.113849057833,2965.1569545553502,3213.6872963726582,3518.176046728484
GSM1244895_syn48,4452.252774659947,11038.287209273816,3094.748377777083,2200.496577319905,3681.216094446909,2479.5274780602012,5637.407577875135,1253.2359287388485,5717.97979464125,6939.819668766669,1767.292380443202,2875.0788456951004,2117.78824373114,6464.217028928519,1241.5285435118979
GSM1244912_syn49,4079.2317444787996,9219.003970532813,4961.821313981219,3670.8291026166876,5802.363738500765,3078.2477925079775,4875.589326081834,2522.5589518701745,4990.024526474259,4972.962539172183,2345.6079694635123,2448.791085596164,4414.546506495357,4229.928847253975,1120.6668677418936
GSM1244929_syn50,4236.312533600509,12428.844652434333,4375.930597608861,2309.1020661405855,4724.689166883596,3298.8686086406824,5002.289280572369,3357.6465557571923,6472.266966820049,4676.762572149604,4403.484121101602,2246.130189139149,2627.815437699271,5927.685955917252,1424.0951868402033
GSM1244877_syn51,2769.1199815901873,8161.273481364677,4481.509054748914,2278.9794897478946,3820.6267077675807,3324.5069820380486,4654.306902471242,3196.508828999795,6113.074046640082,5483.522221216035,2323.14651467136,2791.7621009893937,2301.7972373086277,4988.884785143711,745.8454907766196
GSM1244938_syn52,8691.909608343374,8312.371203226568,7862.000534216093,6151.799156733412,2386.592434000091,6366.61021455262,7101.493398592818,5329.822338329845,6445.379926797887,5959.5228257242115,3878.186513352523,4571.388357640106,1708.2979898533804,4747.00526666559,2693.643064762558
GSM1244902_syn53,10320.142677103562,10558.611214839879,9416.61794646418,6690.565498362324,2908.8334306042525,169.22012975231164,7628.490935061511,4370.6769713115245,7752.0232663475645,427.6196809117728,3238.6918840280023,5935.658373514021,1406.9786056146174,6398.092170517552,2434.131932852504
GSM1244883_syn54,2774.9505261506174,8614.605650377598,4928.006244131507,2243.055806840124,7904.217366413298,2432.062401666678,5701.627506429645,2807.6729189843363,5040.657843123847,5832.003020852844,2554.876568437638,2758.9172841760637,4427.561279382142,4395.72247975624,740.7173633745496
GSM1244922_syn55,5895.621483869083,13407.474726582775,4432.60469685087,2793.4724708223357,5268.3852338336965,3269.9280002976893,6238.615538678809,2495.069584944806,4643.3304792800145,5272.954494847646,3286.028554888283,2355.4712763170587,2984.5375191403123,5760.639622500873,1754.9205345520797
GSM1244897_syn56,2474.9744340192215,10024.55217801689,3061.0447560284874,1821.9919623470475,4111.439474511486,4661.992576908758,5555.890010508473,1233.9477752375153,6402.468797592011,7558.796175261753,2255.5452040168807,1792.9627598168058,2584.7697925691737,6021.667177872208,789.3095541799229
GSM1244890_syn57,2689.915130439979,11087.248420402228,3965.454992085095,2257.9102602093963,6328.79597425445,2775.9720578233428,6299.847084432665,1206.0705001883432,5389.7203650387055,6224.376709551582,1497.4424816172816,2583.8706289583597,3252.007008275804,6178.2908094720215,765.7022127403503
GSM1244892_syn58,4138.871517703458,9366.235181165064,4681.964164939864,3280.5016545367257,4530.064112943847,4323.619748637598,6099.513444357299,2319.4238207093654,5716.275755345578,7688.6856756389425,3388.8391935331606,3118.9683264333166,2369.199143149826,6344.253343645668,1415.863084298025
GSM1244931_syn59,6363.090028697237,8696.313769077398,7177.338322765903,5585.679740598441,5335.706065652373,7042.5520283498345,6076.930819479203,3658.4802518454244,6384.954166666488,5698.64246113195,2437.502694840722,4130.334176492683,4128.039610417765,4720.2947352737965,1578.2713016655334
GSM1244926_syn60,5096.998930699219,10682.77897167845,4463.30663911889,3294.7848544096937,5491.997608857303,2166.302287825542,5774.352469996386,2357.5279612239005,4922.918887604164,4523.959815690718,3710.9555431005097,2742.4063554188415,3285.4391137348975,5247.786512781279,1881.80896669508
GSM1244879_syn61,3804.328496504811,8969.772535913913,4780.013165143957,3281.700098672969,6640.823144392139,3213.2411453696636,5532.929201291631,2546.448384814433,4523.841383212586,6048.755762015095,1647.5739275511005,2404.3288166183893,4155.217657361338,3967.4463763802946,882.3563032570437
GSM1244944_syn62,10482.585603660036,9082.849093600158,7737.037910516399,6037.901489515165,1632.001328745542,4618.86276849455,7361.663889579288,6111.982223313977,6410.545066856735,6104.706273007625,4937.929193821483,4131.545275159443,1101.657775409514,5387.940004994581,2906.556858005008
GSM1244888_syn63,3491.7782522312846,13097.876165211474,4664.729030454435,2590.632614444123,3499.801284371348,4730.655754347883,6122.761715951727,2475.860682270832,7163.743423781035,7832.54188990969,2546.658166904367,2721.606979838686,1894.4268817799484,7144.826408613317,1061.5049871107963
GSM1244941_syn64,5505.338820583704,10365.844306057726,6181.104512393264,3405.184920284922,3516.8490354810265,4244.16464111841,4520.87192284375,3987.368126559896,7813.481886764256,6031.768460614873,2830.656485945667,2614.552278285236,2301.5187042997954,5023.834076028677,1316.547257112453
GSM1244902_syn65,10277.525212476383,10730.14013507314,9505.853373705302,6731.496956355562,2923.7380204454703,235.67746904784775,7417.538514611278,4400.870891000804,7854.462993627779,351.47519122195826,3281.7306762765957,5899.375546120567,1355.8718832320806,6421.189145021805,2486.763245180215
GSM1244931_syn66,6457.196314942966,8943.240392138678,7170.303017743588,5456.942090668903,5215.083703795771,7076.9403018582525,5999.015682061232,3706.0506853884362,6450.991526672961,5557.227339237908,2285.9634657754814,4052.9584793790223,4238.437050971191,4685.768510789045,1567.300733753085
GSM1244899_syn67,4342.30292373827,10722.681252807222,3782.3685087299464,2329.102445853169,2825.523944531628,5247.438138665296,5523.1031984658075,2843.8412549027585,9539.407599565267,7498.907140069713,4132.701265881718,2393.6039075895087,1542.9233320850403,7194.892766178113,1184.6393666792671
